customer_id,event_date,event_type,device,ip_address
1,2024-07-19 12:27:51,Login,Desktop PC,47.25.3.144
1,2024-02-23 06:27:12,Logout,Android Phone,169.4.247.202
1,2024-02-25 01:36:05,Fund Transfer,Laptop,115.6.41.24
1,2024-07-31 01:24:47,Fund Transfer,Laptop,109.184.163.6
1,2024-02-07 05:23:00,Logout,iPad,213.176.246.67
1,2024-09-01 09:23:38,Password Change,Laptop,148.98.32.52
1,2024-02-17 06:57:56,Logout,Android Phone,195.229.105.209
1,2024-08-11 18:42:01,Logout,Desktop PC,106.133.18.203
1,2024-03-30 06:19:54,Password Change,Desktop PC,134.212.129.133
1,2024-07-05 22:14:56,Fund Transfer,iPad,182.64.154.158
1,2024-05-02 01:07:29,Fund Transfer,Laptop,213.174.252.94
2,2024-01-30 22:07:36,Fund Transfer,iPhone,174.62.152.58
2,2024-07-26 03:47:24,Fund Transfer,iPad,168.94.202.222
2,2024-06-13 20:01:02,Password Change,Desktop PC,195.154.7.181
2,2024-06-21 10:52:07,Password Change,Android Phone,207.250.62.225
2,2024-03-22 09:06:22,Fund Transfer,iPhone,2.152.156.13
2,2024-08-20 08:15:30,Password Change,iPad,72.69.125.37
2,2024-08-29 11:02:28,Password Change,Desktop PC,154.157.188.248
2,2024-08-09 18:29:28,Login,iPad,133.135.67.141
3,2024-05-12 05:25:24,Password Change,Laptop,119.186.146.177
3,2024-04-18 11:11:50,Logout,Android Phone,98.166.207.112
3,2024-07-28 18:34:31,Login,iPad,214.250.223.79
3,2024-07-23 22:16:37,Fund Transfer,iPhone,166.50.18.90
3,2024-09-16 05:36:59,Fund Transfer,Android Phone,204.238.53.119
3,2024-07-10 07:01:31,Fund Transfer,Desktop PC,46.209.193.2
3,2024-06-06 01:59:51,Login,Laptop,61.9.59.186
3,2024-07-23 01:30:30,Password Change,Laptop,196.11.225.141
3,2024-08-17 11:06:40,Fund Transfer,Desktop PC,32.246.96.228
3,2024-06-21 00:48:01,Login,Android Phone,111.145.200.199
4,2024-02-04 05:26:27,Fund Transfer,Laptop,34.249.208.95
4,2024-02-28 09:58:33,Fund Transfer,Desktop PC,194.184.209.151
4,2024-07-23 10:53:05,Login,Android Phone,193.24.111.64
4,2024-08-07 06:24:07,Login,Laptop,11.214.244.25
4,2024-06-24 22:33:16,Logout,Laptop,85.3.92.213
4,2024-02-24 18:59:07,Password Change,iPad,211.217.216.101
4,2024-02-10 12:22:08,Fund Transfer,iPhone,197.40.38.188
4,2024-06-05 20:34:11,Login,iPhone,152.33.225.201
4,2024-03-16 18:46:34,Login,iPhone,178.181.209.28
4,2024-09-13 17:44:54,Logout,Laptop,66.63.246.79
5,2024-05-01 03:14:08,Login,iPhone,134.197.34.200
5,2024-05-18 10:19:17,Login,Laptop,215.203.70.116
5,2024-01-06 02:05:13,Login,Laptop,2.216.92.88
5,2024-06-15 10:07:18,Login,Desktop PC,146.100.137.39
5,2024-02-24 06:25:21,Password Change,Android Phone,194.79.65.165
5,2024-01-19 21:28:42,Password Change,Laptop,172.53.143.147
5,2024-07-30 23:46:47,Login,iPad,163.108.143.108
5,2024-06-25 09:20:43,Password Change,Android Phone,149.153.77.69
5,2024-01-09 16:43:42,Logout,Desktop PC,37.134.35.223
5,2024-03-15 04:07:42,Password Change,Laptop,99.16.245.150
6,2024-07-17 17:05:57,Fund Transfer,Desktop PC,178.158.179.200
6,2024-02-06 02:02:41,Password Change,Desktop PC,193.41.27.136
6,2024-09-09 14:50:50,Login,Laptop,205.25.251.163
6,2024-02-29 08:58:07,Password Change,Laptop,223.141.91.233
6,2024-01-26 02:13:28,Password Change,iPhone,193.53.74.181
6,2024-06-03 23:51:26,Login,Laptop,75.171.217.2
6,2024-02-01 00:12:10,Password Change,iPad,43.88.8.82
6,2024-06-27 16:01:07,Logout,iPhone,43.242.76.254
6,2024-03-31 23:39:44,Password Change,Android Phone,70.48.129.12
6,2024-01-18 17:55:36,Login,Desktop PC,58.3.195.0
7,2024-08-09 19:51:25,Login,Android Phone,169.16.119.156
7,2024-01-08 12:41:22,Password Change,Android Phone,205.104.128.188
7,2024-03-05 20:12:26,Password Change,Android Phone,71.44.4.236
7,2024-08-07 13:15:35,Logout,Laptop,211.210.168.15
7,2024-03-30 15:40:55,Fund Transfer,iPhone,185.23.195.60
7,2024-08-03 14:23:12,Login,Laptop,213.114.57.152
7,2024-04-07 15:22:42,Fund Transfer,iPhone,153.77.231.234
7,2024-05-05 00:23:50,Logout,iPad,211.233.126.111
7,2024-05-22 22:06:14,Fund Transfer,Android Phone,215.228.56.116
8,2024-01-13 04:26:10,Login,iPhone,219.206.187.230
8,2024-07-28 18:36:09,Logout,Laptop,197.92.137.17
8,2024-08-02 09:05:52,Password Change,iPhone,175.224.125.37
8,2024-07-14 05:00:23,Password Change,Desktop PC,210.243.168.134
8,2024-02-02 13:00:33,Logout,Desktop PC,145.247.204.188
8,2024-05-23 00:17:25,Logout,iPad,210.242.61.97
8,2024-01-07 17:02:37,Fund Transfer,Android Phone,103.101.39.196
8,2024-04-02 02:50:41,Password Change,Android Phone,198.64.164.228
8,2024-09-10 11:41:09,Password Change,Android Phone,211.137.252.207
8,2024-01-30 23:46:32,Logout,Android Phone,103.78.113.64
8,2024-04-04 16:15:31,Login,Laptop,160.209.251.103
8,2024-08-24 11:06:52,Login,iPad,223.13.39.195
8,2024-07-15 12:04:20,Login,iPhone,54.229.160.238
8,2024-09-01 07:00:19,Password Change,Android Phone,210.237.129.231
8,2024-03-29 15:27:45,Password Change,Desktop PC,90.32.158.153
9,2024-05-18 03:14:19,Fund Transfer,iPad,220.119.120.87
9,2024-06-15 09:49:19,Fund Transfer,Desktop PC,217.190.189.65
9,2024-08-24 04:26:44,Password Change,iPad,129.220.75.18
9,2024-06-11 03:15:58,Login,Android Phone,115.95.235.216
9,2024-01-27 15:36:42,Fund Transfer,iPad,174.119.124.101
10,2024-01-03 15:13:46,Password Change,iPhone,191.63.255.141
10,2024-06-28 22:10:20,Fund Transfer,iPhone,133.101.125.235
10,2024-07-14 19:03:12,Fund Transfer,Android Phone,16.169.110.79
10,2024-02-12 15:47:02,Logout,Desktop PC,177.41.179.153
10,2024-04-18 21:36:18,Logout,Android Phone,174.205.203.44
10,2024-06-04 13:37:21,Password Change,Desktop PC,114.243.76.6
11,2024-08-26 19:18:35,Logout,Laptop,142.68.22.76
11,2024-05-11 06:41:00,Login,iPhone,134.170.198.163
11,2024-08-26 03:58:13,Login,Android Phone,213.214.190.194
11,2024-08-24 17:33:11,Fund Transfer,Laptop,201.87.27.13
11,2024-09-06 11:35:26,Fund Transfer,Desktop PC,200.196.94.190
11,2024-08-25 11:55:16,Password Change,Android Phone,217.207.98.75
11,2024-08-13 08:35:28,Password Change,iPad,43.52.141.105
12,2024-07-13 10:29:02,Password Change,iPhone,9.163.46.38
12,2024-02-26 07:47:34,Password Change,Desktop PC,47.62.223.181
12,2024-08-14 04:05:06,Password Change,Android Phone,220.220.59.176
12,2024-05-07 07:15:41,Fund Transfer,iPad,168.177.127.165
12,2024-04-08 17:51:35,Fund Transfer,Android Phone,148.83.61.55
12,2024-02-19 11:21:55,Login,iPhone,171.7.208.64
12,2024-06-11 13:12:56,Password Change,Android Phone,201.71.180.47
13,2024-01-17 09:14:10,Fund Transfer,iPhone,64.206.117.93
13,2024-06-25 13:07:24,Logout,Desktop PC,217.117.100.186
13,2024-07-05 03:08:51,Logout,Android Phone,90.44.28.89
13,2024-07-14 04:26:26,Password Change,iPhone,217.217.225.182
13,2024-07-02 17:22:44,Logout,Desktop PC,94.41.253.40
13,2024-01-15 04:30:30,Logout,Desktop PC,6.8.49.86
13,2024-09-06 23:10:19,Logout,iPad,128.160.192.161
13,2024-07-30 09:25:42,Logout,Android Phone,214.5.226.221
13,2024-05-19 14:15:21,Login,Desktop PC,34.170.144.228
13,2024-06-20 22:57:00,Fund Transfer,Android Phone,58.216.19.17
13,2024-04-08 20:18:49,Login,iPad,140.54.2.130
14,2024-04-19 05:17:31,Fund Transfer,Android Phone,171.65.2.2
14,2024-06-17 14:22:44,Password Change,Laptop,218.173.165.132
14,2024-08-13 19:38:39,Password Change,iPhone,199.24.159.19
14,2024-09-04 01:00:47,Logout,Android Phone,150.55.20.234
14,2024-05-07 02:44:11,Logout,Laptop,154.211.84.238
14,2024-06-01 07:59:27,Fund Transfer,Desktop PC,151.31.10.80
14,2024-04-01 17:16:32,Logout,Laptop,216.196.108.67
14,2024-03-07 09:39:07,Fund Transfer,Laptop,205.170.243.6
14,2024-08-11 14:21:32,Password Change,iPad,192.68.8.87
14,2024-07-09 01:40:21,Fund Transfer,Android Phone,9.45.35.175
14,2024-03-18 05:25:59,Password Change,Android Phone,202.217.122.96
15,2024-05-24 08:08:49,Logout,Desktop PC,174.243.175.250
15,2024-02-26 16:28:45,Fund Transfer,Laptop,195.220.249.10
15,2024-02-24 17:34:28,Password Change,iPhone,86.165.109.240
15,2024-09-11 09:56:29,Logout,iPhone,210.225.131.244
15,2024-06-06 04:17:42,Login,iPad,159.1.107.7
15,2024-02-28 00:36:15,Logout,Desktop PC,13.111.51.149
16,2024-05-09 07:05:28,Logout,Android Phone,195.121.119.177
16,2024-03-04 18:46:57,Login,Android Phone,166.251.3.108
16,2024-02-02 09:16:38,Login,iPhone,187.170.210.120
16,2024-02-26 11:26:12,Fund Transfer,Android Phone,126.39.147.214
16,2024-02-06 12:06:46,Logout,iPad,171.171.186.146
16,2024-07-14 16:38:51,Login,iPhone,159.199.89.74
16,2024-03-26 07:31:00,Login,iPad,132.137.152.68
16,2024-06-06 08:18:55,Logout,Laptop,222.215.148.68
17,2024-05-07 01:28:10,Login,iPad,13.55.92.185
17,2024-05-24 08:42:38,Fund Transfer,iPhone,203.196.132.147
17,2024-03-02 17:41:07,Logout,iPad,159.201.84.165
17,2024-08-22 01:07:19,Login,Desktop PC,213.165.252.94
17,2024-08-16 22:16:40,Login,Desktop PC,214.18.154.103
17,2024-08-10 23:14:49,Logout,Android Phone,126.141.5.163
17,2024-05-31 08:43:45,Password Change,Android Phone,165.238.87.48
17,2024-08-09 09:52:05,Login,iPhone,55.232.66.246
17,2024-03-16 10:21:16,Login,iPhone,207.91.11.147
17,2024-02-14 17:05:29,Logout,iPhone,207.186.24.176
17,2024-07-18 15:26:37,Fund Transfer,iPad,194.188.63.122
17,2024-07-07 10:03:47,Password Change,Desktop PC,4.54.24.215
17,2024-03-11 02:49:20,Login,Laptop,139.202.58.140
18,2024-02-15 13:26:48,Logout,iPhone,204.219.46.166
18,2024-04-19 11:32:33,Logout,Desktop PC,212.228.93.11
18,2024-03-23 16:06:33,Password Change,Desktop PC,24.5.234.8
18,2024-04-13 20:48:03,Login,Laptop,196.16.82.157
18,2024-03-01 14:35:51,Fund Transfer,Desktop PC,219.248.72.145
19,2024-03-08 05:35:09,Login,iPad,195.133.98.61
19,2024-05-05 22:26:15,Password Change,iPad,190.242.200.136
19,2024-04-24 05:43:15,Fund Transfer,iPhone,193.173.208.189
19,2024-02-27 16:58:04,Login,Laptop,100.167.228.234
19,2024-05-20 12:28:39,Fund Transfer,iPhone,175.133.4.80
19,2024-06-15 19:26:16,Login,Desktop PC,18.139.243.245
19,2024-07-27 03:54:10,Password Change,Desktop PC,2.211.108.94
19,2024-06-24 11:05:00,Login,Desktop PC,100.208.146.170
19,2024-09-10 04:48:03,Password Change,Desktop PC,178.175.45.29
19,2024-09-09 01:38:44,Password Change,Laptop,80.199.212.66
19,2024-07-04 15:30:18,Logout,Laptop,215.208.26.15
19,2024-03-02 04:55:29,Logout,iPhone,31.13.28.136
19,2024-09-10 05:50:46,Fund Transfer,iPhone,157.176.128.52
20,2024-07-03 00:41:50,Password Change,iPad,123.36.223.81
20,2024-01-22 22:44:48,Logout,Desktop PC,133.204.117.16
20,2024-01-29 20:21:00,Fund Transfer,Laptop,96.223.72.135
20,2024-06-24 13:45:56,Fund Transfer,Desktop PC,205.86.163.65
20,2024-06-11 12:42:30,Login,Desktop PC,125.87.112.108
20,2024-01-14 13:54:54,Fund Transfer,Laptop,206.13.204.151
20,2024-04-30 12:29:23,Password Change,Laptop,128.246.32.171
20,2024-03-08 18:41:18,Password Change,Android Phone,144.123.207.231
20,2024-06-13 00:49:28,Fund Transfer,iPhone,204.141.234.87
20,2024-08-26 07:18:06,Fund Transfer,Laptop,29.91.75.155
20,2024-09-10 16:23:21,Login,Desktop PC,104.175.14.149
20,2024-07-23 18:01:39,Login,iPhone,55.220.248.157
20,2024-05-22 07:08:35,Login,iPhone,152.255.215.115
21,2024-05-23 07:08:22,Password Change,Laptop,211.182.160.67
21,2024-08-27 09:54:15,Password Change,Desktop PC,101.57.92.96
21,2024-04-28 02:21:38,Login,Android Phone,173.165.221.212
21,2024-06-16 23:21:35,Password Change,Desktop PC,130.87.152.198
21,2024-08-06 15:35:14,Password Change,iPad,186.20.198.222
21,2024-04-27 23:47:21,Login,Desktop PC,15.233.52.141
21,2024-05-07 00:25:43,Logout,Laptop,185.60.39.36
21,2024-02-18 09:27:30,Fund Transfer,iPhone,208.217.85.234
21,2024-03-30 10:50:00,Password Change,Desktop PC,138.157.105.73
21,2024-07-14 06:23:14,Login,iPhone,86.229.88.129
21,2024-03-21 22:56:58,Fund Transfer,iPhone,134.242.121.193
21,2024-03-09 04:25:56,Logout,Android Phone,219.242.243.230
22,2024-08-18 01:33:12,Fund Transfer,iPad,147.0.114.135
22,2024-05-20 15:16:34,Fund Transfer,Desktop PC,183.122.18.75
22,2024-05-30 17:10:09,Logout,Desktop PC,214.236.9.59
22,2024-04-09 15:42:42,Password Change,Desktop PC,198.209.233.150
22,2024-06-19 22:43:47,Logout,Laptop,144.182.131.236
23,2024-08-20 16:23:23,Login,Laptop,220.224.233.16
23,2024-01-10 12:02:38,Password Change,Laptop,213.144.123.237
23,2024-07-10 08:19:48,Password Change,Android Phone,201.3.56.144
23,2024-01-20 11:53:56,Login,iPad,209.127.111.11
23,2024-02-29 04:37:56,Password Change,Laptop,201.183.102.132
23,2024-04-07 17:55:57,Fund Transfer,Desktop PC,203.139.226.235
23,2024-01-15 07:27:46,Login,Laptop,87.89.177.187
23,2024-09-01 14:12:29,Password Change,iPhone,22.214.184.212
23,2024-03-17 13:24:53,Password Change,Desktop PC,163.144.254.169
23,2024-05-03 22:53:36,Password Change,Desktop PC,148.57.205.109
23,2024-03-26 13:34:23,Login,Desktop PC,162.222.50.220
23,2024-06-17 20:56:42,Password Change,iPhone,6.9.17.176
23,2024-06-10 08:11:57,Password Change,iPhone,73.216.223.250
23,2024-06-25 19:23:45,Login,Android Phone,137.217.23.250
23,2024-01-12 22:19:28,Password Change,Android Phone,210.227.252.253
24,2024-07-02 20:44:31,Login,Android Phone,207.250.212.176
24,2024-02-23 08:41:33,Fund Transfer,Laptop,174.78.110.255
24,2024-03-09 01:45:37,Logout,Desktop PC,174.47.244.116
24,2024-04-09 16:10:51,Fund Transfer,iPad,98.146.157.72
24,2024-04-03 10:12:52,Fund Transfer,iPhone,16.116.216.154
24,2024-01-29 13:52:13,Password Change,iPhone,11.70.232.17
24,2024-08-01 12:16:07,Logout,iPad,96.200.103.77
24,2024-05-24 23:24:04,Login,iPad,220.138.156.107
24,2024-03-09 19:12:38,Logout,Android Phone,80.115.157.212
24,2024-09-11 17:13:37,Password Change,Desktop PC,206.36.255.249
24,2024-04-18 23:30:39,Logout,Android Phone,203.124.30.85
24,2024-01-23 11:29:58,Password Change,iPhone,188.202.22.217
25,2024-05-12 15:05:28,Login,Android Phone,200.27.233.253
25,2024-02-05 00:21:16,Logout,Laptop,108.51.176.253
25,2024-03-06 23:08:10,Fund Transfer,iPad,188.87.78.195
25,2024-05-17 17:12:06,Login,iPhone,50.208.209.27
25,2024-01-20 22:13:55,Password Change,iPhone,5.126.106.94
26,2024-05-11 12:42:53,Fund Transfer,iPhone,114.37.30.180
26,2024-04-18 03:36:02,Password Change,Android Phone,45.43.138.206
26,2024-02-18 07:18:13,Logout,Laptop,1.9.86.205
26,2024-02-04 07:27:49,Login,Android Phone,221.56.24.43
26,2024-07-04 02:15:07,Login,Laptop,196.167.96.44
26,2024-02-03 18:00:55,Login,Desktop PC,31.60.190.59
26,2024-09-10 05:01:15,Password Change,iPhone,34.99.11.158
26,2024-08-30 10:52:09,Logout,Laptop,158.8.180.49
26,2024-07-31 20:59:02,Password Change,Laptop,131.27.105.12
26,2024-02-20 22:57:41,Fund Transfer,Desktop PC,205.153.230.176
26,2024-02-16 01:21:36,Login,Android Phone,132.177.251.152
26,2024-06-26 22:21:01,Fund Transfer,Laptop,184.183.7.138
26,2024-03-06 11:48:53,Logout,Laptop,159.129.213.220
27,2024-08-29 09:10:06,Login,Desktop PC,214.34.238.132
27,2024-05-20 02:35:18,Login,iPhone,64.52.223.119
27,2024-02-19 05:41:55,Logout,Desktop PC,28.133.215.22
27,2024-02-04 17:25:16,Fund Transfer,Laptop,75.162.206.242
27,2024-09-08 03:19:26,Fund Transfer,iPhone,47.128.181.176
27,2024-03-27 18:13:12,Password Change,iPad,15.188.149.52
27,2024-03-08 16:14:47,Login,Laptop,209.225.234.194
28,2024-05-31 01:36:16,Password Change,Laptop,193.153.127.74
28,2024-03-06 17:39:38,Login,Laptop,93.211.170.250
28,2024-05-25 08:17:10,Login,iPhone,151.192.17.64
28,2024-05-05 12:16:43,Login,Android Phone,97.240.106.133
28,2024-03-08 12:27:14,Password Change,Laptop,203.118.56.91
29,2024-08-21 22:42:31,Login,Laptop,78.75.186.26
29,2024-06-12 03:09:00,Fund Transfer,Laptop,143.34.143.189
29,2024-08-19 10:59:36,Logout,Desktop PC,220.145.66.38
29,2024-02-19 22:13:01,Login,Android Phone,92.246.159.188
29,2024-03-01 15:32:03,Logout,iPad,153.58.225.145
30,2024-03-30 03:06:57,Password Change,iPad,194.28.103.145
30,2024-05-28 17:29:40,Password Change,Android Phone,190.63.11.228
30,2024-02-04 00:31:05,Logout,iPhone,182.213.119.168
30,2024-04-08 09:11:13,Logout,Android Phone,173.41.235.131
30,2024-08-23 14:04:26,Login,Android Phone,131.255.85.223
30,2024-03-30 04:46:05,Login,Desktop PC,202.152.213.150
30,2024-03-22 07:33:32,Fund Transfer,Laptop,203.193.200.30
30,2024-07-27 03:05:07,Login,Laptop,198.131.133.216
30,2024-06-04 14:10:39,Logout,Laptop,134.223.54.29
30,2024-03-22 08:30:34,Fund Transfer,Laptop,69.112.108.4
30,2024-02-08 15:16:21,Fund Transfer,iPhone,130.78.250.4
30,2024-06-19 08:05:38,Logout,iPhone,202.154.32.146
31,2024-04-30 20:25:44,Logout,iPad,209.98.105.186
31,2024-03-28 06:08:01,Password Change,Laptop,170.113.65.110
31,2024-07-03 21:07:57,Login,Laptop,213.26.15.189
31,2024-05-09 18:40:50,Login,Laptop,217.120.97.175
31,2024-02-16 10:20:53,Fund Transfer,Android Phone,26.192.44.199
31,2024-03-14 02:28:32,Password Change,iPhone,23.41.241.184
32,2024-06-20 03:52:48,Password Change,Desktop PC,107.77.167.109
32,2024-02-20 21:42:40,Logout,iPad,133.58.112.144
32,2024-07-12 17:49:15,Password Change,Desktop PC,158.177.62.45
32,2024-03-05 02:26:25,Password Change,Desktop PC,136.212.5.102
32,2024-07-15 01:25:21,Password Change,Laptop,164.224.127.19
32,2024-03-27 10:26:59,Login,Android Phone,218.114.18.188
33,2024-05-09 10:12:11,Login,Desktop PC,209.216.30.31
33,2024-06-08 00:00:49,Password Change,iPad,64.27.128.138
33,2024-04-20 08:06:20,Login,iPhone,198.40.29.162
33,2024-06-01 14:14:11,Login,iPad,110.155.240.10
33,2024-02-14 03:01:31,Password Change,iPhone,147.48.153.60
33,2024-05-11 22:03:47,Logout,Laptop,223.145.235.114
33,2024-07-21 14:44:53,Password Change,Laptop,70.56.183.50
33,2024-06-18 02:12:42,Login,Desktop PC,163.146.168.148
33,2024-07-24 00:49:23,Fund Transfer,iPad,199.154.2.90
33,2024-04-10 10:06:43,Fund Transfer,Laptop,75.73.33.165
33,2024-06-14 23:47:12,Login,Android Phone,205.233.78.19
33,2024-02-12 20:27:55,Fund Transfer,Android Phone,201.253.7.198
34,2024-02-14 08:42:21,Logout,Desktop PC,195.79.195.133
34,2024-01-28 11:46:18,Login,iPhone,19.80.20.215
34,2024-03-25 22:31:37,Password Change,iPad,116.189.129.255
34,2024-05-27 03:49:54,Logout,Desktop PC,183.63.131.73
34,2024-07-21 07:30:29,Password Change,Android Phone,156.104.87.90
34,2024-09-03 11:41:25,Fund Transfer,Laptop,187.169.250.87
34,2024-07-21 17:35:21,Password Change,iPhone,211.200.185.65
34,2024-02-10 18:54:50,Password Change,iPhone,67.161.65.63
35,2024-02-25 05:42:12,Password Change,iPhone,76.118.123.66
35,2024-01-11 08:41:13,Logout,Desktop PC,117.248.70.235
35,2024-08-26 04:38:02,Login,Desktop PC,164.183.143.157
35,2024-04-04 23:24:14,Logout,Desktop PC,223.114.4.153
35,2024-02-21 11:43:57,Password Change,Laptop,204.31.249.109
35,2024-08-07 07:24:40,Logout,iPad,152.84.91.196
35,2024-05-20 09:04:57,Password Change,Laptop,155.231.4.96
35,2024-03-14 03:14:24,Fund Transfer,iPad,212.37.49.236
35,2024-02-20 19:36:07,Password Change,Laptop,28.3.155.206
35,2024-05-15 11:59:58,Login,iPad,65.121.225.217
35,2024-06-30 19:14:33,Fund Transfer,Laptop,216.24.30.124
35,2024-01-21 14:10:35,Logout,iPhone,26.243.55.55
35,2024-04-07 22:43:47,Login,Desktop PC,179.0.201.174
36,2024-06-07 07:03:28,Login,Android Phone,38.150.83.91
36,2024-04-18 19:00:33,Login,Laptop,196.182.19.33
36,2024-01-01 02:07:24,Password Change,iPad,223.34.224.41
36,2024-09-01 00:26:47,Password Change,Laptop,119.216.72.81
36,2024-04-02 06:54:50,Fund Transfer,iPad,169.130.79.64
36,2024-08-01 08:05:27,Logout,Laptop,191.181.131.20
36,2024-06-11 19:44:55,Logout,Laptop,113.190.133.49
36,2024-03-20 08:36:19,Fund Transfer,Laptop,165.230.58.188
36,2024-07-23 15:04:18,Password Change,iPad,72.56.149.17
37,2024-04-30 20:57:32,Login,iPhone,169.55.95.73
37,2024-08-29 20:48:49,Password Change,iPad,155.87.195.46
37,2024-03-13 00:44:49,Password Change,Desktop PC,223.184.233.108
37,2024-05-27 15:20:19,Logout,iPad,194.158.112.3
37,2024-05-31 15:52:16,Login,iPad,49.139.250.190
37,2024-05-21 01:29:01,Login,Laptop,200.86.112.87
37,2024-03-30 12:06:26,Password Change,Android Phone,139.147.159.203
37,2024-02-01 00:11:02,Fund Transfer,Android Phone,133.126.95.184
38,2024-06-21 21:02:17,Fund Transfer,iPhone,152.24.157.93
38,2024-03-14 21:53:19,Logout,Desktop PC,204.38.7.180
38,2024-08-12 21:08:07,Logout,Android Phone,207.61.169.46
38,2024-07-27 12:35:22,Password Change,Desktop PC,205.24.229.47
38,2024-04-25 02:40:23,Password Change,iPad,206.123.6.72
38,2024-04-13 17:26:33,Login,iPad,171.201.166.241
38,2024-08-23 05:22:43,Password Change,Desktop PC,19.102.236.234
38,2024-07-28 21:22:10,Logout,iPhone,2.67.31.133
38,2024-05-26 03:44:44,Password Change,iPhone,88.54.187.149
38,2024-02-08 14:54:50,Fund Transfer,iPad,205.90.136.97
38,2024-06-19 06:00:17,Fund Transfer,iPhone,102.178.130.27
38,2024-05-15 03:49:23,Password Change,iPad,2.166.208.242
39,2024-07-20 08:16:54,Logout,Laptop,206.210.34.167
39,2024-05-26 13:37:16,Fund Transfer,Laptop,199.162.109.74
39,2024-07-02 17:06:04,Fund Transfer,Android Phone,200.101.186.43
39,2024-04-28 06:43:55,Login,iPhone,39.12.59.177
39,2024-08-14 21:49:27,Login,iPhone,115.173.31.230
39,2024-02-21 08:01:13,Login,Android Phone,171.121.224.140
39,2024-06-01 12:07:23,Login,Desktop PC,203.111.143.245
39,2024-04-07 23:28:20,Password Change,Laptop,185.190.174.28
39,2024-02-26 06:00:35,Logout,Desktop PC,83.139.14.54
39,2024-07-18 02:57:08,Password Change,iPhone,171.145.76.179
39,2024-01-05 15:26:48,Login,Android Phone,145.209.203.247
39,2024-07-17 18:18:47,Logout,Android Phone,222.238.177.46
40,2024-01-20 04:59:54,Login,Desktop PC,207.158.115.67
40,2024-04-14 00:22:13,Fund Transfer,iPhone,125.179.250.130
40,2024-03-30 16:00:25,Fund Transfer,Laptop,110.182.27.18
40,2024-06-28 01:51:23,Fund Transfer,Laptop,57.147.232.142
40,2024-08-31 22:04:18,Fund Transfer,Android Phone,164.67.2.57
40,2024-04-17 14:18:15,Password Change,Laptop,6.132.164.56
40,2024-04-20 14:04:18,Password Change,Android Phone,218.2.3.116
40,2024-05-10 04:41:43,Login,iPhone,25.62.108.163
40,2024-07-27 00:58:38,Password Change,iPad,14.46.177.212
40,2024-01-21 18:34:26,Fund Transfer,Laptop,219.228.224.16
40,2024-06-28 13:48:46,Fund Transfer,Laptop,207.0.21.3
40,2024-05-10 10:41:27,Password Change,Android Phone,152.203.52.134
40,2024-06-27 22:14:02,Fund Transfer,Android Phone,161.69.212.70
40,2024-07-20 23:35:28,Fund Transfer,iPhone,135.25.127.38
40,2024-07-29 01:12:18,Logout,Desktop PC,210.210.143.199
41,2024-08-04 06:41:32,Password Change,Laptop,107.177.221.73
41,2024-04-14 06:24:10,Fund Transfer,iPhone,79.105.110.223
41,2024-07-10 03:29:49,Login,Android Phone,27.90.207.34
41,2024-03-07 07:57:13,Login,Desktop PC,68.184.46.65
41,2024-01-02 06:53:57,Fund Transfer,Android Phone,216.129.119.32
42,2024-01-07 09:21:33,Password Change,Laptop,78.233.187.227
42,2024-02-08 10:21:51,Password Change,Laptop,61.254.100.82
42,2024-07-11 15:41:18,Password Change,iPad,214.199.90.197
42,2024-02-22 09:27:15,Logout,Android Phone,85.244.100.77
42,2024-06-07 22:59:21,Logout,Android Phone,49.165.203.39
42,2024-08-15 17:40:17,Password Change,Laptop,84.182.144.4
42,2024-09-01 13:49:48,Password Change,Desktop PC,128.49.113.20
43,2024-08-12 01:24:01,Login,iPad,199.156.191.175
43,2024-03-16 03:46:53,Password Change,iPad,135.130.105.72
43,2024-01-15 09:54:32,Password Change,iPhone,185.39.176.243
43,2024-08-22 17:08:01,Fund Transfer,iPhone,80.245.251.85
43,2024-04-22 08:05:26,Logout,iPhone,196.135.227.6
43,2024-01-29 23:50:17,Password Change,iPad,20.123.244.224
43,2024-03-13 19:37:05,Password Change,Laptop,144.151.24.239
43,2024-04-21 21:56:52,Logout,Android Phone,209.113.73.0
43,2024-08-26 12:24:08,Fund Transfer,iPhone,187.131.144.1
43,2024-08-18 21:05:33,Login,iPhone,62.201.237.121
43,2024-06-14 04:52:12,Login,iPad,215.188.159.207
43,2024-02-24 21:26:48,Login,Desktop PC,87.75.238.111
44,2024-05-12 22:13:03,Logout,Android Phone,221.89.60.170
44,2024-05-15 12:53:08,Logout,Android Phone,180.63.104.126
44,2024-03-20 06:03:46,Logout,iPad,60.68.192.37
44,2024-06-15 07:21:42,Login,iPhone,178.254.215.136
44,2024-05-23 02:12:39,Password Change,Android Phone,90.53.149.76
44,2024-05-12 23:20:19,Login,Laptop,136.169.37.38
45,2024-02-14 21:58:43,Login,Desktop PC,117.133.198.248
45,2024-05-15 11:42:46,Logout,iPhone,160.105.195.67
45,2024-02-08 18:33:50,Password Change,Laptop,199.138.113.247
45,2024-01-13 03:15:42,Fund Transfer,iPad,138.234.246.133
45,2024-08-15 03:06:27,Password Change,Android Phone,11.40.195.22
45,2024-07-24 18:59:49,Fund Transfer,iPhone,152.175.166.130
45,2024-03-27 05:33:05,Password Change,iPhone,167.229.49.77
45,2024-08-17 07:38:34,Password Change,Android Phone,6.132.42.12
45,2024-01-25 19:56:13,Logout,Laptop,165.121.183.14
46,2024-05-01 16:46:46,Logout,iPhone,129.226.8.251
46,2024-06-29 19:00:40,Logout,Laptop,207.202.124.77
46,2024-03-10 01:11:16,Fund Transfer,iPad,36.56.46.112
46,2024-08-25 08:02:28,Fund Transfer,Laptop,212.217.55.91
46,2024-06-21 16:35:24,Password Change,Android Phone,56.103.209.57
46,2024-05-31 19:32:15,Password Change,Desktop PC,166.105.52.99
46,2024-01-01 20:16:55,Login,Laptop,160.11.114.5
46,2024-04-03 18:34:22,Logout,Android Phone,19.206.58.66
46,2024-07-23 00:01:12,Password Change,iPad,154.244.216.81
46,2024-08-19 17:36:47,Fund Transfer,Android Phone,173.142.220.164
46,2024-07-05 00:04:47,Login,Laptop,163.182.113.255
46,2024-01-09 08:53:36,Logout,iPad,26.83.120.251
46,2024-04-22 01:36:12,Logout,Android Phone,77.105.233.1
46,2024-01-27 11:02:44,Login,iPhone,146.255.249.54
46,2024-04-27 15:43:48,Fund Transfer,Android Phone,47.208.179.174
47,2024-01-05 23:08:31,Login,iPad,205.7.208.124
47,2024-08-02 12:04:02,Login,iPhone,184.123.209.104
47,2024-03-21 06:44:07,Password Change,Desktop PC,8.193.140.200
47,2024-03-16 23:30:36,Password Change,iPhone,36.47.215.227
47,2024-03-28 19:13:59,Login,iPhone,190.151.168.103
47,2024-02-26 02:36:26,Fund Transfer,iPad,203.98.179.91
47,2024-04-29 01:08:12,Fund Transfer,Laptop,218.239.182.223
47,2024-02-19 07:27:17,Logout,Laptop,202.77.59.47
47,2024-03-02 10:21:08,Login,iPad,60.88.205.34
47,2024-02-05 07:45:31,Password Change,iPhone,135.210.126.33
47,2024-06-07 20:23:06,Fund Transfer,iPad,132.58.41.103
47,2024-06-06 00:33:43,Logout,iPad,214.38.233.4
48,2024-04-14 22:00:43,Password Change,iPad,213.138.227.235
48,2024-05-11 05:04:39,Password Change,iPhone,144.165.18.156
48,2024-05-09 02:31:54,Login,Desktop PC,119.10.198.178
48,2024-01-11 00:17:39,Password Change,iPhone,222.143.11.149
48,2024-03-20 17:45:31,Logout,Android Phone,223.129.199.132
48,2024-08-22 22:39:49,Password Change,iPad,47.48.140.202
48,2024-02-21 18:16:42,Fund Transfer,iPad,164.214.174.164
48,2024-08-16 00:07:47,Fund Transfer,Desktop PC,201.232.45.137
48,2024-07-05 14:54:17,Fund Transfer,iPhone,195.223.252.252
48,2024-07-19 17:23:22,Password Change,iPad,144.172.120.247
49,2024-01-10 18:09:26,Logout,Desktop PC,201.251.184.7
49,2024-08-10 08:58:52,Password Change,iPad,193.159.142.179
49,2024-07-17 05:07:16,Logout,Laptop,16.116.30.169
49,2024-05-22 18:01:32,Logout,Laptop,30.255.33.85
49,2024-01-07 18:21:37,Login,iPhone,175.189.20.28
49,2024-09-02 19:14:00,Fund Transfer,Laptop,83.78.164.136
50,2024-07-13 10:16:44,Logout,iPad,114.10.188.123
50,2024-06-25 05:28:59,Logout,iPad,41.71.216.41
50,2024-09-12 22:50:55,Password Change,iPhone,23.122.169.231
50,2024-04-21 18:04:35,Password Change,iPhone,195.103.158.158
50,2024-03-27 21:43:58,Fund Transfer,Desktop PC,101.178.74.104
50,2024-05-22 21:11:50,Login,Android Phone,86.91.42.123
50,2024-01-07 19:14:26,Login,Android Phone,162.119.129.49
50,2024-07-06 09:16:37,Password Change,Laptop,164.238.130.18
50,2024-06-05 19:40:11,Fund Transfer,Android Phone,218.53.152.150
50,2024-01-05 18:45:16,Login,iPhone,31.240.100.251
50,2024-04-13 06:49:14,Fund Transfer,Desktop PC,141.84.120.152
50,2024-02-02 14:51:07,Fund Transfer,iPad,53.246.186.232
50,2024-03-31 13:25:08,Fund Transfer,Laptop,171.107.180.146
50,2024-02-24 03:21:15,Logout,Desktop PC,99.46.74.38
50,2024-05-18 00:18:40,Login,Desktop PC,68.22.78.166
51,2024-01-15 03:38:40,Password Change,Desktop PC,207.225.90.158
51,2024-02-11 13:25:04,Logout,Desktop PC,218.160.32.33
51,2024-09-16 03:39:55,Login,Desktop PC,222.242.50.217
51,2024-03-03 08:41:35,Password Change,Android Phone,177.216.9.234
51,2024-03-11 04:07:00,Logout,Desktop PC,93.93.110.46
51,2024-02-19 15:02:22,Logout,Laptop,135.89.212.197
51,2024-07-11 02:52:02,Logout,iPhone,61.95.105.159
51,2024-04-03 03:23:44,Logout,Desktop PC,50.67.88.67
51,2024-06-07 17:21:53,Password Change,iPhone,205.164.183.94
51,2024-04-19 23:18:18,Fund Transfer,Desktop PC,181.102.115.109
51,2024-03-23 07:13:57,Password Change,iPad,35.162.226.176
51,2024-03-11 23:56:05,Password Change,iPad,155.38.117.81
51,2024-08-07 01:08:00,Password Change,iPad,203.176.85.224
51,2024-05-05 10:12:58,Logout,Desktop PC,178.110.163.189
52,2024-06-11 07:56:54,Logout,Desktop PC,114.56.47.193
52,2024-01-15 01:30:12,Login,iPad,220.233.228.25
52,2024-08-09 19:20:36,Fund Transfer,Desktop PC,147.122.221.212
52,2024-08-25 08:16:37,Fund Transfer,iPhone,195.107.42.70
52,2024-04-15 13:22:53,Login,Android Phone,222.215.175.131
52,2024-02-26 10:06:00,Login,iPad,80.57.199.189
53,2024-02-21 11:12:49,Login,iPhone,162.102.95.96
53,2024-07-26 08:03:14,Logout,iPad,177.9.163.160
53,2024-06-16 19:47:01,Logout,iPad,212.139.105.104
53,2024-07-18 18:12:40,Fund Transfer,Android Phone,208.183.31.179
53,2024-08-24 02:47:25,Logout,iPhone,76.118.205.17
53,2024-03-08 15:58:38,Fund Transfer,Android Phone,124.182.23.180
53,2024-03-25 23:17:33,Logout,Laptop,202.150.73.191
53,2024-04-29 18:33:53,Fund Transfer,iPad,93.149.17.197
53,2024-07-30 19:08:43,Login,iPhone,217.16.8.22
53,2024-01-14 06:24:23,Login,Laptop,99.85.172.125
53,2024-01-03 19:11:00,Fund Transfer,Laptop,202.99.209.30
54,2024-02-22 19:37:02,Logout,iPad,119.187.124.173
54,2024-07-04 16:54:07,Password Change,iPad,172.72.65.41
54,2024-02-20 07:31:42,Logout,Android Phone,155.202.218.12
54,2024-06-14 22:25:58,Fund Transfer,Laptop,214.50.135.13
54,2024-08-08 18:41:36,Fund Transfer,Desktop PC,210.91.14.118
54,2024-08-06 16:43:14,Logout,iPhone,117.44.237.132
55,2024-06-12 21:31:32,Logout,Desktop PC,136.46.41.17
55,2024-06-02 22:27:42,Fund Transfer,Android Phone,139.237.164.199
55,2024-07-03 11:26:28,Fund Transfer,Laptop,56.16.113.202
55,2024-05-15 06:14:08,Password Change,iPad,159.138.11.79
55,2024-04-16 17:09:48,Fund Transfer,iPad,24.107.226.212
55,2024-07-17 10:51:42,Fund Transfer,Laptop,116.97.166.47
55,2024-02-20 08:56:13,Login,Laptop,108.157.163.248
55,2024-07-07 05:49:09,Logout,Android Phone,62.126.202.233
55,2024-03-16 21:32:20,Login,Laptop,190.60.26.15
55,2024-04-07 12:54:19,Login,Android Phone,207.39.208.164
55,2024-04-14 07:44:40,Logout,iPad,198.212.16.150
55,2024-02-27 23:05:37,Password Change,iPhone,184.118.28.162
56,2024-02-18 04:37:48,Login,Laptop,68.32.33.201
56,2024-02-14 15:31:16,Fund Transfer,Desktop PC,83.160.97.8
56,2024-04-14 02:49:52,Login,iPhone,219.245.145.70
56,2024-06-26 14:37:56,Login,Desktop PC,170.76.104.25
56,2024-06-12 04:06:26,Fund Transfer,Laptop,147.210.164.153
56,2024-01-06 05:45:04,Password Change,Android Phone,114.63.154.109
56,2024-03-06 16:10:07,Fund Transfer,Android Phone,163.75.152.53
57,2024-07-24 17:46:51,Password Change,Desktop PC,130.34.150.232
57,2024-01-07 14:47:26,Password Change,Laptop,202.183.164.174
57,2024-03-08 16:01:43,Fund Transfer,iPhone,196.72.12.107
57,2024-05-24 17:50:18,Logout,Desktop PC,155.74.42.195
57,2024-08-30 21:43:06,Logout,iPad,74.33.91.54
57,2024-03-26 23:51:37,Fund Transfer,iPhone,62.143.96.93
57,2024-02-15 00:23:54,Fund Transfer,Laptop,9.198.32.203
57,2024-04-11 04:04:17,Fund Transfer,Android Phone,87.143.76.105
57,2024-04-16 14:46:37,Logout,Desktop PC,153.4.130.111
57,2024-02-19 21:14:41,Login,iPhone,150.41.238.227
57,2024-09-04 15:51:44,Password Change,Laptop,222.86.152.42
57,2024-08-16 05:32:05,Login,Android Phone,193.162.250.228
57,2024-01-31 07:50:42,Password Change,Android Phone,193.164.104.197
58,2024-02-04 08:38:27,Login,Android Phone,222.64.154.209
58,2024-05-08 14:13:39,Logout,Android Phone,147.119.192.76
58,2024-08-07 13:48:07,Fund Transfer,Android Phone,48.52.75.219
58,2024-02-23 06:26:32,Password Change,Desktop PC,199.228.27.142
58,2024-02-03 10:57:01,Fund Transfer,Desktop PC,218.113.161.95
58,2024-07-11 21:15:04,Password Change,Laptop,193.45.2.227
59,2024-05-09 06:45:22,Password Change,Android Phone,48.57.220.43
59,2024-06-25 13:28:15,Login,iPad,189.193.148.152
59,2024-04-23 05:25:42,Fund Transfer,Desktop PC,169.33.132.140
59,2024-06-25 22:31:43,Fund Transfer,Desktop PC,191.103.153.55
59,2024-07-01 11:20:14,Login,Desktop PC,176.153.38.244
59,2024-02-25 16:31:44,Password Change,Android Phone,214.116.175.102
60,2024-02-12 21:48:01,Logout,Android Phone,90.102.202.49
60,2024-07-26 22:06:26,Fund Transfer,iPad,194.81.21.230
60,2024-09-09 18:10:38,Fund Transfer,iPad,158.94.112.83
60,2024-04-28 00:17:05,Fund Transfer,Laptop,218.26.247.162
60,2024-05-03 17:24:58,Login,iPad,211.35.103.78
61,2024-06-02 19:08:05,Logout,Desktop PC,149.229.160.201
61,2024-05-02 07:53:09,Fund Transfer,iPad,158.152.154.220
61,2024-08-03 04:07:57,Password Change,Android Phone,203.47.73.24
61,2024-09-01 12:24:33,Login,Android Phone,182.115.79.140
61,2024-02-26 09:02:26,Fund Transfer,iPhone,88.221.203.199
61,2024-05-08 07:06:38,Password Change,iPhone,204.30.247.94
61,2024-03-04 22:48:31,Logout,iPad,4.9.8.250
61,2024-07-26 06:55:45,Fund Transfer,Desktop PC,74.202.187.167
61,2024-06-27 15:12:22,Login,iPad,159.228.213.68
61,2024-07-20 14:04:52,Password Change,Laptop,149.247.4.27
61,2024-07-03 06:25:04,Fund Transfer,iPad,86.201.131.236
61,2024-04-03 20:17:35,Login,iPad,194.60.248.89
61,2024-04-18 20:58:23,Login,Laptop,198.200.129.105
62,2024-05-14 14:47:40,Password Change,iPhone,43.47.220.70
62,2024-06-22 09:00:45,Logout,iPad,212.145.228.22
62,2024-08-13 19:01:58,Fund Transfer,Desktop PC,101.238.243.141
62,2024-08-10 14:54:41,Password Change,Laptop,169.7.178.85
62,2024-05-22 23:06:21,Login,Android Phone,91.51.11.41
63,2024-05-29 07:35:45,Logout,Laptop,212.51.33.7
63,2024-03-20 03:44:59,Login,Desktop PC,219.79.46.63
63,2024-01-08 19:11:56,Password Change,iPad,200.183.223.116
63,2024-06-22 23:01:52,Fund Transfer,iPad,80.154.106.237
63,2024-03-23 22:05:54,Password Change,iPhone,213.235.252.59
63,2024-06-28 04:00:55,Logout,Android Phone,22.239.216.45
64,2024-03-18 23:26:40,Login,iPad,213.105.255.159
64,2024-02-04 11:07:10,Fund Transfer,Android Phone,202.167.132.38
64,2024-07-30 14:16:10,Fund Transfer,Android Phone,192.107.81.37
64,2024-04-26 08:13:18,Fund Transfer,Android Phone,165.42.207.47
64,2024-08-01 03:42:25,Fund Transfer,Android Phone,207.223.220.163
64,2024-02-07 09:50:09,Login,Laptop,74.169.82.93
65,2024-03-09 11:45:14,Login,iPhone,216.228.144.217
65,2024-05-28 13:52:25,Logout,Android Phone,219.252.11.136
65,2024-04-06 04:56:49,Login,iPhone,16.52.209.140
65,2024-04-11 00:09:27,Logout,iPad,221.254.120.24
65,2024-01-10 23:43:18,Fund Transfer,iPad,196.25.169.164
65,2024-07-17 18:04:06,Logout,iPhone,182.191.114.165
65,2024-07-18 23:01:32,Password Change,Laptop,194.89.231.156
65,2024-01-02 13:26:20,Login,iPad,204.4.107.133
65,2024-07-11 17:19:36,Password Change,Desktop PC,82.53.229.95
65,2024-08-04 02:32:56,Logout,iPad,162.159.142.151
65,2024-05-16 09:19:58,Login,iPad,134.149.159.253
65,2024-03-20 09:35:33,Login,iPad,141.243.26.103
66,2024-02-02 00:58:58,Password Change,Android Phone,183.107.116.105
66,2024-08-03 10:20:14,Login,Android Phone,192.153.136.133
66,2024-02-12 03:14:57,Fund Transfer,Android Phone,33.125.44.67
66,2024-06-05 22:13:16,Login,Desktop PC,209.204.14.158
66,2024-02-06 15:15:27,Login,Android Phone,218.197.194.222
66,2024-01-17 13:41:22,Login,Android Phone,223.69.207.144
66,2024-08-31 21:06:03,Fund Transfer,Desktop PC,167.132.102.8
67,2024-08-15 13:18:06,Fund Transfer,iPhone,50.82.248.11
67,2024-02-20 06:32:53,Logout,Laptop,82.29.160.173
67,2024-09-06 19:16:28,Login,iPad,108.239.154.252
67,2024-07-22 23:59:28,Logout,Android Phone,163.5.47.120
67,2024-02-20 03:36:12,Password Change,Android Phone,183.170.120.164
67,2024-03-19 01:48:59,Login,Android Phone,207.35.88.162
67,2024-02-14 13:57:37,Fund Transfer,iPhone,146.63.141.73
67,2024-05-25 17:37:38,Login,iPad,207.135.72.124
67,2024-08-10 04:42:34,Logout,Laptop,163.39.199.168
67,2024-07-21 17:20:00,Login,iPad,211.131.208.90
67,2024-04-04 05:39:23,Password Change,iPhone,216.80.28.191
67,2024-04-02 17:23:21,Logout,Android Phone,86.137.155.14
67,2024-07-15 16:25:51,Logout,Desktop PC,195.117.39.41
68,2024-08-19 04:57:25,Password Change,Laptop,200.112.239.220
68,2024-09-10 07:30:44,Password Change,Desktop PC,192.187.189.25
68,2024-07-02 07:28:08,Login,iPad,208.124.199.110
68,2024-02-25 15:09:08,Password Change,iPhone,214.167.244.167
68,2024-08-19 13:42:54,Login,iPad,207.41.109.1
68,2024-04-28 06:39:21,Logout,Laptop,210.186.151.113
68,2024-07-03 11:29:29,Login,iPhone,132.206.83.136
68,2024-03-15 05:46:12,Login,iPad,169.99.98.106
68,2024-06-21 09:09:19,Fund Transfer,iPad,32.102.78.19
68,2024-09-08 05:50:11,Password Change,Desktop PC,203.92.166.90
68,2024-06-04 18:48:10,Logout,Laptop,25.137.133.197
68,2024-08-17 14:04:14,Fund Transfer,Desktop PC,171.249.196.77
68,2024-03-16 09:01:28,Logout,Laptop,180.5.55.172
68,2024-04-23 19:22:56,Login,iPad,199.138.107.246
69,2024-01-17 14:33:25,Login,iPad,196.178.134.253
69,2024-05-15 20:21:42,Login,iPad,222.243.190.120
69,2024-01-24 04:49:19,Login,iPad,174.228.218.8
69,2024-07-21 02:32:42,Logout,Android Phone,45.255.88.188
69,2024-06-26 17:03:27,Login,Android Phone,18.88.199.50
70,2024-05-08 03:48:15,Login,Laptop,27.54.137.85
70,2024-06-23 20:22:47,Password Change,Desktop PC,153.197.214.255
70,2024-09-10 04:55:45,Fund Transfer,Laptop,196.152.207.122
70,2024-06-07 01:04:43,Logout,Android Phone,218.7.114.114
70,2024-04-25 08:07:44,Password Change,Laptop,147.187.195.206
70,2024-02-17 04:16:22,Fund Transfer,Desktop PC,179.0.143.240
70,2024-04-14 05:23:03,Password Change,Android Phone,148.127.70.80
70,2024-03-21 16:45:53,Logout,Laptop,199.38.39.10
70,2024-06-06 00:28:18,Logout,iPad,162.73.11.128
70,2024-02-03 06:47:53,Logout,iPad,124.112.11.47
70,2024-03-19 13:06:40,Password Change,iPad,143.35.183.67
70,2024-05-24 04:51:33,Password Change,Desktop PC,69.116.209.198
70,2024-08-24 01:47:33,Fund Transfer,iPhone,113.29.195.139
70,2024-03-19 19:22:45,Login,iPad,26.119.41.33
71,2024-06-27 10:50:16,Fund Transfer,Laptop,1.88.254.229
71,2024-08-20 09:31:54,Password Change,Laptop,198.143.128.103
71,2024-02-09 07:50:01,Logout,Laptop,74.112.95.25
71,2024-06-27 00:37:02,Password Change,Android Phone,134.149.251.30
71,2024-08-23 11:46:05,Login,Desktop PC,152.247.221.143
71,2024-07-17 16:27:56,Logout,iPhone,159.8.147.11
71,2024-06-07 14:47:01,Password Change,Desktop PC,35.173.210.216
71,2024-05-16 11:33:33,Logout,Android Phone,79.74.68.103
71,2024-03-28 01:03:58,Password Change,iPad,159.74.85.51
71,2024-07-09 09:51:55,Password Change,iPad,152.188.83.180
71,2024-03-27 18:51:35,Password Change,iPad,213.181.189.75
72,2024-05-28 10:55:45,Login,iPhone,211.121.45.191
72,2024-01-30 12:43:09,Fund Transfer,iPad,74.219.104.157
72,2024-06-26 06:53:50,Logout,Android Phone,103.15.28.196
72,2024-05-21 17:38:54,Logout,iPhone,188.8.109.146
72,2024-01-05 01:21:12,Logout,Laptop,81.98.191.236
72,2024-07-06 00:22:06,Password Change,Desktop PC,129.224.72.55
72,2024-02-20 10:05:38,Fund Transfer,Laptop,222.252.151.204
72,2024-02-25 03:23:12,Fund Transfer,Laptop,185.38.3.46
73,2024-02-28 20:52:38,Logout,iPad,101.127.209.47
73,2024-01-20 11:11:46,Fund Transfer,iPad,3.29.31.101
73,2024-02-02 03:54:30,Fund Transfer,iPhone,198.104.23.64
73,2024-08-24 02:17:43,Logout,Laptop,3.251.138.65
73,2024-06-17 16:42:49,Password Change,iPhone,129.186.242.75
73,2024-04-10 09:39:28,Logout,Laptop,191.16.169.187
73,2024-08-04 14:17:50,Logout,Desktop PC,197.116.58.122
73,2024-02-08 15:14:24,Fund Transfer,iPhone,175.157.169.143
73,2024-03-05 17:29:36,Fund Transfer,Desktop PC,87.122.247.151
73,2024-08-21 16:30:41,Fund Transfer,Desktop PC,158.159.132.62
73,2024-05-11 23:16:06,Login,iPhone,206.161.203.89
73,2024-09-14 19:28:02,Password Change,iPad,35.245.68.82
74,2024-05-10 06:29:45,Fund Transfer,Desktop PC,164.21.206.67
74,2024-02-12 08:55:20,Password Change,Desktop PC,29.211.38.243
74,2024-03-01 19:17:25,Fund Transfer,Desktop PC,191.241.238.129
74,2024-04-20 10:58:39,Login,Android Phone,201.129.185.118
74,2024-03-05 21:37:12,Password Change,iPhone,183.28.181.25
74,2024-06-15 20:23:36,Logout,iPhone,30.149.203.83
74,2024-03-01 06:35:06,Fund Transfer,Android Phone,223.209.95.139
74,2024-01-23 22:39:53,Login,iPad,33.252.20.107
75,2024-09-14 16:22:23,Fund Transfer,Laptop,206.96.105.215
75,2024-04-02 04:39:02,Logout,Desktop PC,220.45.227.180
75,2024-06-15 04:37:04,Login,iPad,106.2.64.141
75,2024-01-17 13:42:55,Password Change,Desktop PC,141.196.227.215
75,2024-03-25 08:15:24,Logout,Android Phone,55.39.149.217
75,2024-03-03 18:17:02,Login,iPad,176.50.21.90
75,2024-02-16 17:46:46,Logout,Desktop PC,221.39.124.47
75,2024-04-25 14:50:18,Logout,iPad,199.24.229.180
76,2024-09-02 12:25:21,Logout,iPad,92.4.8.67
76,2024-09-12 12:37:47,Password Change,Desktop PC,21.166.53.61
76,2024-07-09 15:36:15,Logout,iPad,213.116.120.179
76,2024-06-04 20:52:18,Password Change,Android Phone,182.244.151.163
76,2024-07-12 12:50:57,Fund Transfer,Android Phone,189.13.14.140
76,2024-04-23 02:39:39,Fund Transfer,iPad,149.21.136.159
76,2024-07-01 12:42:23,Login,Desktop PC,160.21.247.22
76,2024-06-14 19:48:36,Logout,Desktop PC,104.76.128.50
76,2024-06-23 14:22:52,Password Change,Laptop,215.44.39.2
76,2024-01-11 04:37:49,Fund Transfer,Android Phone,204.65.133.130
76,2024-08-18 04:56:54,Fund Transfer,Laptop,18.71.171.92
76,2024-01-26 15:45:12,Password Change,Desktop PC,208.82.120.187
76,2024-09-12 05:42:08,Logout,iPhone,165.163.232.122
76,2024-07-01 08:05:03,Fund Transfer,Android Phone,88.5.130.58
77,2024-03-01 03:48:58,Logout,iPad,223.134.85.43
77,2024-03-12 16:56:14,Fund Transfer,Desktop PC,134.70.58.204
77,2024-06-08 10:38:37,Login,Android Phone,223.240.184.123
77,2024-05-22 07:34:00,Logout,iPad,159.37.225.168
77,2024-04-21 22:50:57,Logout,Desktop PC,197.61.17.141
77,2024-03-25 16:50:21,Logout,iPad,210.118.246.145
78,2024-03-27 13:01:56,Login,iPad,110.46.19.12
78,2024-02-05 22:47:08,Fund Transfer,Desktop PC,132.243.84.15
78,2024-07-08 00:21:44,Logout,iPad,213.60.31.11
78,2024-06-01 17:46:25,Logout,iPad,53.108.143.254
78,2024-04-14 10:40:09,Fund Transfer,iPhone,171.87.85.222
78,2024-04-11 22:12:54,Logout,iPad,207.116.114.198
78,2024-09-07 22:01:04,Password Change,Android Phone,202.150.163.17
78,2024-04-05 01:41:07,Password Change,iPhone,113.152.243.196
78,2024-08-22 02:32:24,Logout,iPad,168.157.28.115
78,2024-07-23 19:45:33,Password Change,Laptop,44.61.166.61
79,2024-06-15 14:58:55,Fund Transfer,Laptop,177.45.49.27
79,2024-03-25 03:13:10,Fund Transfer,iPad,89.13.154.223
79,2024-01-06 21:09:31,Logout,Laptop,221.198.147.183
79,2024-08-09 18:41:12,Password Change,Desktop PC,217.55.162.187
79,2024-02-04 15:10:18,Login,Desktop PC,69.33.171.249
79,2024-07-25 05:18:25,Logout,Android Phone,139.189.45.23
79,2024-03-24 12:48:50,Fund Transfer,Laptop,96.236.237.86
79,2024-03-15 12:51:57,Fund Transfer,Android Phone,161.196.8.167
79,2024-07-25 22:08:13,Fund Transfer,Desktop PC,118.154.36.57
79,2024-03-13 21:44:44,Password Change,Android Phone,119.225.41.136
79,2024-04-05 17:34:48,Login,Laptop,196.192.179.231
79,2024-08-02 19:44:59,Logout,iPhone,194.103.185.160
80,2024-05-22 03:57:30,Login,Laptop,222.254.113.196
80,2024-02-16 16:54:28,Logout,iPhone,209.190.121.173
80,2024-06-20 20:26:38,Fund Transfer,Android Phone,74.136.80.87
80,2024-02-15 21:37:21,Password Change,iPad,7.110.67.37
80,2024-06-13 00:50:36,Login,Desktop PC,216.107.132.227
80,2024-01-26 19:22:32,Fund Transfer,Laptop,214.54.165.20
80,2024-01-19 14:50:31,Login,Laptop,212.157.157.254
80,2024-05-18 19:38:48,Logout,iPad,70.140.54.123
80,2024-01-13 16:40:29,Login,Laptop,169.98.156.139
80,2024-06-17 10:38:10,Logout,Laptop,161.246.19.31
80,2024-09-06 05:16:36,Password Change,Desktop PC,210.89.19.70
80,2024-08-29 22:58:10,Login,Laptop,30.245.175.66
81,2024-07-23 03:47:33,Login,Android Phone,206.18.98.10
81,2024-01-12 19:03:09,Logout,Android Phone,214.43.165.65
81,2024-05-20 10:15:15,Password Change,iPad,67.166.199.243
81,2024-01-20 17:41:18,Logout,Desktop PC,160.165.224.53
81,2024-07-13 15:38:56,Password Change,Android Phone,150.24.36.139
81,2024-03-02 19:39:46,Password Change,iPad,34.172.134.241
81,2024-02-12 21:45:25,Login,Laptop,37.95.31.162
81,2024-05-30 19:28:53,Logout,Android Phone,73.7.25.102
81,2024-08-20 19:08:07,Logout,Android Phone,139.0.11.73
81,2024-03-03 18:50:17,Login,iPhone,142.184.229.172
81,2024-07-23 19:55:34,Password Change,Android Phone,179.180.177.167
81,2024-01-24 07:28:03,Fund Transfer,Android Phone,125.193.216.93
81,2024-07-10 05:58:15,Login,Laptop,167.52.219.60
81,2024-07-12 16:49:14,Fund Transfer,Android Phone,194.128.177.203
82,2024-09-12 17:16:33,Logout,Desktop PC,184.221.13.192
82,2024-03-28 17:32:46,Password Change,Desktop PC,221.22.56.225
82,2024-01-19 09:37:59,Login,iPad,29.231.35.146
82,2024-07-05 20:55:29,Logout,iPhone,28.8.178.251
82,2024-01-05 17:00:26,Password Change,Android Phone,213.18.194.12
82,2024-08-01 22:02:25,Password Change,Desktop PC,48.195.182.47
82,2024-04-06 01:35:40,Login,Laptop,162.121.248.220
82,2024-09-11 11:30:19,Fund Transfer,Laptop,139.239.164.162
82,2024-02-09 07:10:08,Logout,Desktop PC,192.37.230.233
82,2024-05-19 02:45:27,Login,iPhone,3.133.112.185
82,2024-04-26 07:45:13,Password Change,iPhone,208.189.45.212
82,2024-07-26 05:07:53,Logout,Laptop,38.7.45.66
82,2024-02-15 03:48:15,Password Change,Android Phone,191.217.31.34
82,2024-02-20 22:10:36,Password Change,Desktop PC,176.44.223.71
83,2024-01-21 08:11:42,Fund Transfer,iPad,195.77.29.121
83,2024-02-26 13:08:44,Logout,Laptop,69.245.102.116
83,2024-02-11 21:16:11,Login,Android Phone,149.184.239.70
83,2024-03-05 09:23:34,Fund Transfer,iPad,118.240.151.131
83,2024-06-30 19:39:44,Password Change,Laptop,213.148.176.183
83,2024-01-04 12:03:48,Login,iPad,134.217.24.189
83,2024-08-13 07:39:17,Logout,Desktop PC,218.112.68.208
83,2024-02-16 18:37:26,Password Change,Laptop,195.51.134.211
83,2024-07-02 05:32:47,Login,Desktop PC,158.166.140.147
83,2024-01-18 01:13:40,Fund Transfer,Android Phone,5.49.188.144
84,2024-02-29 06:30:51,Login,iPad,130.53.230.125
84,2024-05-30 07:52:18,Fund Transfer,iPad,35.182.35.243
84,2024-03-22 07:47:06,Password Change,iPhone,222.214.51.98
84,2024-09-02 11:19:25,Login,Android Phone,152.118.168.254
84,2024-05-02 16:54:21,Logout,Android Phone,145.82.44.237
84,2024-01-05 09:45:16,Logout,Desktop PC,148.107.110.4
84,2024-08-12 02:07:55,Fund Transfer,iPhone,92.113.226.88
84,2024-06-18 16:32:13,Password Change,Laptop,39.167.177.209
84,2024-06-02 21:22:17,Password Change,Desktop PC,171.207.201.55
84,2024-05-19 17:46:07,Fund Transfer,iPhone,138.10.39.76
84,2024-07-12 16:00:34,Fund Transfer,Desktop PC,79.81.51.103
84,2024-09-11 04:41:15,Fund Transfer,iPad,49.96.136.173
85,2024-06-01 23:01:10,Password Change,Android Phone,76.54.136.68
85,2024-04-13 02:21:17,Logout,iPad,46.127.107.34
85,2024-09-11 13:16:36,Login,iPad,157.103.15.170
85,2024-06-05 14:16:05,Fund Transfer,Android Phone,80.145.130.158
85,2024-03-17 09:34:28,Fund Transfer,Laptop,203.56.111.173
85,2024-01-17 18:49:29,Login,iPad,64.103.85.83
85,2024-06-08 17:42:11,Password Change,Desktop PC,205.83.142.170
85,2024-03-12 18:23:23,Login,Desktop PC,89.66.8.94
85,2024-03-01 06:02:14,Login,Android Phone,174.235.12.58
85,2024-04-16 16:55:36,Logout,Android Phone,219.75.138.71
85,2024-05-04 11:25:31,Password Change,iPad,223.121.187.175
86,2024-04-30 07:08:12,Fund Transfer,iPad,36.181.242.11
86,2024-03-20 05:13:37,Password Change,Desktop PC,3.237.57.139
86,2024-08-26 11:37:09,Password Change,iPhone,218.36.129.18
86,2024-08-05 00:13:15,Password Change,iPad,175.39.125.65
86,2024-01-16 05:09:33,Fund Transfer,iPad,83.236.205.213
86,2024-06-01 15:44:42,Login,Laptop,141.141.120.156
86,2024-08-06 15:29:29,Login,iPad,208.151.43.84
86,2024-06-24 19:19:05,Fund Transfer,iPad,207.54.35.27
86,2024-06-02 10:40:05,Login,Android Phone,190.147.252.22
87,2024-03-19 10:45:15,Login,Desktop PC,163.219.140.10
87,2024-09-06 21:54:27,Password Change,Desktop PC,148.75.137.222
87,2024-07-03 12:04:51,Login,Android Phone,170.76.162.24
87,2024-08-06 21:25:47,Login,iPad,157.97.202.44
87,2024-04-19 20:47:17,Login,Laptop,65.241.126.48
87,2024-06-13 09:19:58,Password Change,Laptop,191.110.253.212
87,2024-07-23 18:15:24,Logout,Android Phone,172.146.25.187
87,2024-01-25 16:03:28,Login,Laptop,207.239.234.169
87,2024-07-17 01:00:49,Logout,Android Phone,71.211.96.133
87,2024-07-31 06:08:16,Fund Transfer,Laptop,157.113.232.161
87,2024-04-24 09:42:05,Logout,Android Phone,33.242.60.65
87,2024-06-04 10:33:29,Login,Laptop,168.128.146.240
87,2024-07-26 06:32:13,Password Change,iPhone,176.76.69.212
87,2024-08-28 09:29:40,Password Change,Laptop,100.189.128.68
87,2024-07-05 01:43:12,Fund Transfer,Desktop PC,183.184.2.152
88,2024-06-04 10:23:03,Password Change,Desktop PC,151.126.61.198
88,2024-07-26 20:32:09,Login,iPhone,45.230.187.59
88,2024-09-04 00:53:02,Logout,Laptop,207.39.77.110
88,2024-07-09 22:12:11,Login,iPhone,157.80.202.176
88,2024-08-28 17:37:42,Logout,iPhone,109.203.102.233
88,2024-08-23 10:25:44,Logout,iPad,185.161.199.175
89,2024-07-31 12:04:58,Logout,Desktop PC,24.189.201.176
89,2024-08-18 22:05:09,Password Change,iPhone,209.183.172.223
89,2024-03-10 10:51:57,Logout,Laptop,219.33.230.136
89,2024-02-25 06:35:11,Fund Transfer,Android Phone,199.12.69.201
89,2024-06-05 08:17:07,Password Change,iPad,158.106.95.201
89,2024-07-24 00:54:39,Login,iPad,213.160.119.65
89,2024-05-13 01:54:41,Password Change,Laptop,89.167.21.125
89,2024-04-25 18:43:17,Login,Laptop,7.60.57.92
89,2024-05-11 11:56:03,Logout,Desktop PC,193.11.41.156
89,2024-04-15 11:52:57,Fund Transfer,Android Phone,1.162.191.51
90,2024-06-01 05:29:29,Logout,Android Phone,140.158.153.148
90,2024-08-22 03:38:56,Password Change,Desktop PC,133.54.32.187
90,2024-06-18 16:02:05,Password Change,iPhone,151.57.120.22
90,2024-03-19 15:02:46,Fund Transfer,iPad,107.125.30.190
90,2024-07-21 18:08:40,Fund Transfer,iPad,189.131.13.10
90,2024-05-26 18:37:21,Fund Transfer,Android Phone,71.145.144.103
90,2024-04-22 12:21:27,Password Change,iPad,161.56.2.139
90,2024-03-08 11:52:25,Fund Transfer,iPad,211.191.137.154
90,2024-06-04 21:38:42,Password Change,Android Phone,123.140.190.218
90,2024-09-01 16:03:16,Logout,Desktop PC,146.15.202.99
91,2024-07-27 16:07:04,Login,iPad,18.1.168.11
91,2024-02-19 19:08:45,Logout,Desktop PC,131.120.221.71
91,2024-05-10 02:48:50,Fund Transfer,Android Phone,208.125.58.45
91,2024-07-17 21:53:32,Logout,Android Phone,192.135.41.69
91,2024-09-07 23:28:29,Password Change,Android Phone,214.190.17.115
91,2024-01-29 15:04:07,Login,Desktop PC,217.99.120.192
91,2024-09-03 09:18:51,Password Change,Laptop,222.53.160.17
91,2024-04-11 16:26:22,Login,Laptop,206.10.89.53
91,2024-01-01 04:58:39,Logout,Laptop,139.67.182.96
91,2024-08-04 10:19:22,Login,Android Phone,152.235.240.102
91,2024-08-08 23:51:50,Logout,Laptop,90.73.191.219
91,2024-08-10 22:23:20,Fund Transfer,Android Phone,147.53.167.185
91,2024-08-04 23:06:45,Login,iPad,217.75.34.217
91,2024-05-08 20:51:58,Fund Transfer,iPhone,161.222.121.238
91,2024-08-14 01:28:41,Login,iPad,173.190.7.147
92,2024-05-17 23:41:11,Logout,Laptop,131.21.41.26
92,2024-04-02 13:12:00,Fund Transfer,Laptop,194.234.97.175
92,2024-01-01 19:39:09,Logout,Laptop,202.68.143.15
92,2024-09-08 10:01:33,Fund Transfer,Android Phone,188.145.250.168
92,2024-04-01 21:53:48,Login,Laptop,197.78.182.254
92,2024-04-18 12:23:04,Login,iPad,132.168.6.250
92,2024-05-16 01:54:20,Password Change,Desktop PC,190.43.20.92
92,2024-03-08 05:57:59,Logout,Desktop PC,193.55.119.63
93,2024-02-25 18:22:34,Login,Desktop PC,200.93.210.170
93,2024-06-28 19:29:25,Fund Transfer,iPhone,179.39.82.119
93,2024-08-21 16:14:47,Login,iPhone,118.173.233.34
93,2024-03-15 20:15:25,Fund Transfer,iPad,217.156.48.36
93,2024-02-04 08:52:13,Password Change,iPad,188.149.181.156
93,2024-04-26 19:21:14,Login,Laptop,210.129.140.53
93,2024-09-02 07:48:25,Login,Android Phone,145.129.250.210
94,2024-05-31 05:13:15,Password Change,iPad,57.95.92.19
94,2024-08-03 00:54:59,Fund Transfer,Desktop PC,193.254.112.3
94,2024-09-01 08:43:17,Login,Android Phone,211.222.56.30
94,2024-08-14 14:36:13,Login,Android Phone,45.7.128.130
94,2024-05-19 19:24:31,Password Change,Android Phone,38.215.63.114
94,2024-01-23 20:45:13,Login,Laptop,217.9.33.64
94,2024-08-02 13:15:16,Fund Transfer,Android Phone,96.243.103.209
94,2024-07-11 12:10:44,Logout,Laptop,184.211.195.35
94,2024-01-01 18:07:25,Fund Transfer,Android Phone,131.72.224.252
94,2024-08-13 03:08:02,Logout,Laptop,56.48.82.123
94,2024-05-20 03:02:18,Logout,iPad,142.246.230.89
94,2024-07-28 00:07:39,Fund Transfer,Android Phone,187.90.99.37
94,2024-02-25 13:33:00,Login,iPhone,56.212.82.46
94,2024-02-20 06:59:51,Fund Transfer,Laptop,187.2.46.2
94,2024-02-17 05:41:10,Password Change,Android Phone,208.210.25.124
95,2024-05-09 14:35:14,Fund Transfer,iPad,86.155.17.171
95,2024-02-13 21:59:31,Logout,Android Phone,187.125.222.250
95,2024-07-05 05:45:06,Logout,Desktop PC,171.197.199.14
95,2024-08-09 06:14:22,Login,Android Phone,170.249.93.217
95,2024-05-20 05:30:57,Fund Transfer,iPhone,101.63.55.248
95,2024-01-20 18:15:02,Login,Laptop,28.91.242.68
95,2024-01-20 23:10:45,Logout,Laptop,196.61.215.5
95,2024-08-16 07:47:31,Fund Transfer,iPhone,211.40.14.165
95,2024-05-23 01:06:01,Logout,iPhone,202.175.1.112
95,2024-09-01 04:46:19,Logout,Desktop PC,96.10.180.118
95,2024-02-21 08:30:38,Password Change,Desktop PC,34.167.84.208
95,2024-08-24 21:11:09,Login,Desktop PC,152.217.175.132
96,2024-03-26 10:32:09,Password Change,iPad,68.129.50.51
96,2024-07-30 06:24:13,Fund Transfer,Desktop PC,31.50.162.30
96,2024-01-16 21:19:20,Password Change,Laptop,15.2.190.240
96,2024-08-29 09:19:50,Fund Transfer,Android Phone,204.45.255.2
96,2024-08-10 17:19:51,Logout,Laptop,32.207.96.231
96,2024-04-26 11:30:49,Logout,iPhone,11.187.169.200
96,2024-07-08 04:04:38,Logout,iPhone,18.68.81.35
97,2024-08-15 09:07:59,Fund Transfer,Laptop,176.140.228.212
97,2024-07-30 21:43:52,Logout,Desktop PC,223.51.107.219
97,2024-06-30 01:09:35,Login,iPhone,162.171.77.144
97,2024-08-08 15:55:35,Fund Transfer,Desktop PC,203.40.238.12
97,2024-04-25 23:00:40,Logout,Android Phone,175.208.137.126
97,2024-02-19 19:24:06,Fund Transfer,Laptop,62.128.77.14
97,2024-06-18 17:23:02,Fund Transfer,Desktop PC,216.156.108.17
97,2024-01-30 15:09:12,Logout,Desktop PC,70.82.142.217
97,2024-08-21 12:04:26,Login,Laptop,39.171.95.152
98,2024-02-19 07:53:49,Login,iPhone,203.252.241.87
98,2024-08-08 21:11:36,Logout,Desktop PC,173.110.78.231
98,2024-04-01 13:31:48,Login,Desktop PC,139.77.115.3
98,2024-07-03 09:39:56,Login,Android Phone,29.147.210.222
98,2024-06-02 08:52:12,Password Change,Laptop,215.106.124.189
98,2024-05-11 14:18:41,Fund Transfer,Android Phone,37.17.248.111
98,2024-03-12 02:27:45,Login,iPad,144.45.128.2
98,2024-03-31 20:54:27,Password Change,iPhone,196.184.63.35
98,2024-01-02 00:09:41,Password Change,Laptop,204.149.122.55
99,2024-06-13 19:02:57,Password Change,iPhone,62.190.132.187
99,2024-06-07 11:11:38,Fund Transfer,iPhone,153.93.31.156
99,2024-06-10 21:11:10,Fund Transfer,iPad,220.41.184.126
99,2024-08-08 20:23:52,Logout,Desktop PC,170.160.146.99
99,2024-05-11 12:22:39,Logout,iPhone,171.64.195.32
99,2024-05-12 23:06:34,Logout,Laptop,216.124.27.105
99,2024-03-10 03:54:23,Fund Transfer,Android Phone,213.157.159.251
99,2024-02-11 18:26:23,Fund Transfer,iPad,208.250.151.98
99,2024-03-15 07:18:35,Logout,Android Phone,202.216.17.196
99,2024-07-22 12:51:12,Logout,iPad,77.25.220.108
100,2024-05-27 13:49:40,Fund Transfer,Laptop,62.162.57.156
100,2024-05-21 16:06:43,Password Change,Android Phone,130.195.28.255
100,2024-04-13 04:41:37,Logout,Desktop PC,117.22.54.127
100,2024-05-23 21:17:51,Fund Transfer,Laptop,186.212.40.110
100,2024-01-31 02:28:18,Login,iPad,147.70.11.120
100,2024-01-17 04:26:45,Logout,iPad,182.218.10.212
100,2024-05-16 03:10:50,Login,Android Phone,194.43.98.164
100,2024-07-12 14:23:58,Logout,iPad,191.57.66.74
100,2024-08-18 02:30:07,Login,Desktop PC,209.12.155.48
100,2024-06-19 17:28:39,Fund Transfer,Desktop PC,219.148.185.43
